split,filepath,duration,sparsity
train,noise/free-sound/noise-free-sound-0000.wav,17.65875,0.1557888239622116
train,noise/free-sound/noise-free-sound-0001.wav,40.5365,0.027538767084479332
train,noise/free-sound/noise-free-sound-0002.wav,71.2175,0.07518414407968521
train,noise/free-sound/noise-free-sound-0003.wav,14.2358125,0.02093704789876938
train,noise/free-sound/noise-free-sound-0004.wav,2.9865,0.08528786152601242
train,noise/free-sound/noise-free-sound-0005.wav,21.1853125,0.17761875689029694
train,noise/free-sound/noise-free-sound-0006.wav,7.7701875,0.192704975605011
train,noise/free-sound/noise-free-sound-0007.wav,16.613875,0.05709356814622879
train,noise/free-sound/noise-free-sound-0008.wav,20.8050625,0.01302085630595684
train,noise/free-sound/noise-free-sound-0009.wav,8.3866875,0.017926516011357307
train,noise/free-sound/noise-free-sound-0010.wav,8.2415625,0.10532404482364655
train,noise/free-sound/noise-free-sound-0011.wav,34.8501875,0.019042056053876877
train,noise/free-sound/noise-free-sound-0012.wav,32.15625,0.1082201898097992
train,noise/free-sound/noise-free-sound-0013.wav,1.5445,0.14064553380012512
train,noise/free-sound/noise-free-sound-0014.wav,3.4159375,0.11936260014772415
train,noise/free-sound/noise-free-sound-0015.wav,91.244875,0.031160425394773483
train,noise/free-sound/noise-free-sound-0016.wav,4.0,0.21168480813503265
train,noise/free-sound/noise-free-sound-0017.wav,7.8773125,0.03246782720088959
train,noise/free-sound/noise-free-sound-0018.wav,14.5763125,0.15054874122142792
train,noise/free-sound/noise-free-sound-0019.wav,11.55775,0.03360776603221893
train,noise/free-sound/noise-free-sound-0020.wav,60.18575,0.005166677292436361
train,noise/free-sound/noise-free-sound-0021.wav,18.0453125,0.04779457673430443
train,noise/free-sound/noise-free-sound-0022.wav,24.832,0.12185768783092499
train,noise/free-sound/noise-free-sound-0023.wav,11.24,0.11853642016649246
train,noise/free-sound/noise-free-sound-0024.wav,19.7790625,0.028153477236628532
train,noise/free-sound/noise-free-sound-0025.wav,2.3466875,0.09568151831626892
train,noise/free-sound/noise-free-sound-0026.wav,3.7973125,0.19289067387580872
train,noise/free-sound/noise-free-sound-0027.wav,23.04,0.02183876745402813
train,noise/free-sound/noise-free-sound-0028.wav,19.6179375,0.1307886242866516
train,noise/free-sound/noise-free-sound-0029.wav,8.90775,0.1712813675403595
train,noise/free-sound/noise-free-sound-0030.wav,73.01225,0.14316979050636292
train,noise/free-sound/noise-free-sound-0031.wav,35.4743125,0.06783615797758102
train,noise/free-sound/noise-free-sound-0032.wav,61.42,0.007194836623966694
train,noise/free-sound/noise-free-sound-0033.wav,5.5263125,0.015329566784203053
train,noise/free-sound/noise-free-sound-0034.wav,20.689,0.022331789135932922
train,noise/free-sound/noise-free-sound-0035.wav,31.9333125,0.04504496231675148
train,noise/free-sound/noise-free-sound-0036.wav,4.57,0.21145282685756683
train,noise/free-sound/noise-free-sound-0037.wav,0.94,0.2134968787431717
train,noise/free-sound/noise-free-sound-0038.wav,0.9133125,0.15371179580688477
train,noise/free-sound/noise-free-sound-0039.wav,3.4466875,0.21756970882415771
train,noise/free-sound/noise-free-sound-0040.wav,16.73,0.21240685880184174
train,noise/free-sound/noise-free-sound-0041.wav,57.782875,0.034967090934515
train,noise/free-sound/noise-free-sound-0042.wav,319.5559375,0.006530998274683952
train,noise/free-sound/noise-free-sound-0043.wav,1.5325,0.22383399307727814
train,noise/free-sound/noise-free-sound-0044.wav,4.5975625,0.2571035325527191
train,noise/free-sound/noise-free-sound-0045.wav,4.644,0.21450121700763702
train,noise/free-sound/noise-free-sound-0046.wav,4.62075,0.21786445379257202
train,noise/free-sound/noise-free-sound-0047.wav,5.2966875,0.1274796426296234
train,noise/free-sound/noise-free-sound-0048.wav,494.6599375,0.010682842694222927
train,noise/free-sound/noise-free-sound-0049.wav,3.4666875,0.24981054663658142
train,noise/free-sound/noise-free-sound-0050.wav,4.133125,0.020578665658831596
train,noise/free-sound/noise-free-sound-0051.wav,6.52,0.207366943359375
train,noise/free-sound/noise-free-sound-0052.wav,5.6641875,0.009431295096874237
train,noise/free-sound/noise-free-sound-0053.wav,5.2719375,0.02078789472579956
train,noise/free-sound/noise-free-sound-0054.wav,10.053375,0.02097940258681774
train,noise/free-sound/noise-free-sound-0055.wav,40.09775,0.05011861026287079
train,noise/free-sound/noise-free-sound-0056.wav,9.74275,0.05332687869668007
train,noise/free-sound/noise-free-sound-0057.wav,8.1304375,0.14586451649665833
train,noise/free-sound/noise-free-sound-0058.wav,2.0,0.03634824976325035
train,noise/free-sound/noise-free-sound-0059.wav,30.4428125,0.01942417398095131
train,noise/free-sound/noise-free-sound-0060.wav,1.044875,0.056959543377161026
train,noise/free-sound/noise-free-sound-0061.wav,11.0498125,0.13177379965782166
train,noise/free-sound/noise-free-sound-0062.wav,6.0666875,0.10277925431728363
train,noise/free-sound/noise-free-sound-0063.wav,6.2666875,0.09506578743457794
train,noise/free-sound/noise-free-sound-0064.wav,100.1333125,0.039749082177877426
train,noise/free-sound/noise-free-sound-0065.wav,6.9753125,0.11899636685848236
train,noise/free-sound/noise-free-sound-0066.wav,60.9436875,0.042037464678287506
train,noise/free-sound/noise-free-sound-0067.wav,39.889,0.014235257171094418
train,noise/free-sound/noise-free-sound-0068.wav,20.075,0.041847988963127136
train,noise/free-sound/noise-free-sound-0069.wav,2.5714375,0.1221093162894249
train,noise/free-sound/noise-free-sound-0070.wav,17.98025,0.13005472719669342
train,noise/free-sound/noise-free-sound-0071.wav,9.3919375,0.1472863107919693
train,noise/free-sound/noise-free-sound-0072.wav,26.6225625,0.08104076981544495
train,noise/free-sound/noise-free-sound-0073.wav,124.5685625,0.032078467309474945
train,noise/free-sound/noise-free-sound-0074.wav,17.24,0.01517713163048029
train,noise/free-sound/noise-free-sound-0075.wav,20.31125,0.007535384967923164
train,noise/free-sound/noise-free-sound-0076.wav,80.0,0.04280521720647812
train,noise/free-sound/noise-free-sound-0077.wav,11.7233125,0.017991654574871063
train,noise/free-sound/noise-free-sound-0078.wav,10.370625,0.022274833172559738
train,noise/free-sound/noise-free-sound-0079.wav,6.0005625,0.1618564873933792
train,noise/free-sound/noise-free-sound-0080.wav,30.374625,0.06642832607030869
train,noise/free-sound/noise-free-sound-0081.wav,21.5824375,0.08998014777898788
train,noise/free-sound/noise-free-sound-0082.wav,20.20375,0.0831134244799614
train,noise/free-sound/noise-free-sound-0083.wav,0.59125,0.13372854888439178
train,noise/free-sound/noise-free-sound-0084.wav,19.4194375,0.07963409274816513
train,noise/free-sound/noise-free-sound-0085.wav,4.671375,0.01780180260539055
train,noise/free-sound/noise-free-sound-0086.wav,51.685,0.009196894243359566
train,noise/free-sound/noise-free-sound-0087.wav,2.8,0.051390185952186584
train,noise/free-sound/noise-free-sound-0088.wav,44.8666875,0.006017704494297504
train,noise/free-sound/noise-free-sound-0089.wav,13.871,0.012411841191351414
train,noise/free-sound/noise-free-sound-0090.wav,5.8441875,0.09183882921934128
train,noise/free-sound/noise-free-sound-0091.wav,5.062125,0.04581494256854057
train,noise/free-sound/noise-free-sound-0092.wav,15.079625,0.019245458766818047
train,noise/free-sound/noise-free-sound-0093.wav,5.317375,0.03296150639653206
train,noise/free-sound/noise-free-sound-0094.wav,5.5898125,0.03426990285515785
train,noise/free-sound/noise-free-sound-0095.wav,4.068375,0.010393367148935795
train,noise/free-sound/noise-free-sound-0096.wav,7.7841875,0.030091799795627594
train,noise/free-sound/noise-free-sound-0097.wav,2.7369375,0.026996226981282234
train,noise/free-sound/noise-free-sound-0098.wav,2.766,0.04624796658754349
train,noise/free-sound/noise-free-sound-0099.wav,7.4946875,0.05058348551392555
train,noise/free-sound/noise-free-sound-0100.wav,7.323125,0.044734448194503784
train,noise/free-sound/noise-free-sound-0101.wav,112.90125,0.018048448488116264
train,noise/free-sound/noise-free-sound-0102.wav,143.62125,0.010415861383080482
train,noise/free-sound/noise-free-sound-0103.wav,5.2381875,0.05413604527711868
train,noise/free-sound/noise-free-sound-0104.wav,15.888,0.030909907072782516
train,noise/free-sound/noise-free-sound-0105.wav,306.4163125,0.012084255926311016
train,noise/free-sound/noise-free-sound-0106.wav,153.952,0.027553599327802658
train,noise/free-sound/noise-free-sound-0107.wav,11.766,0.16753751039505005
train,noise/free-sound/noise-free-sound-0108.wav,19.3963125,0.026959596201777458
train,noise/free-sound/noise-free-sound-0109.wav,37.101875,0.008607765659689903
train,noise/free-sound/noise-free-sound-0110.wav,40.8931875,0.006380096077919006
train,noise/free-sound/noise-free-sound-0111.wav,16.4451875,0.015219585970044136
train,noise/free-sound/noise-free-sound-0112.wav,1.0144375,0.015558876097202301
train,noise/free-sound/noise-free-sound-0113.wav,5.8461875,0.07099143415689468
train,noise/free-sound/noise-free-sound-0114.wav,99.9298125,0.006937652360647917
train,noise/free-sound/noise-free-sound-0115.wav,2.577125,0.05000652000308037
train,noise/free-sound/noise-free-sound-0116.wav,8.82075,0.09594030678272247
train,noise/free-sound/noise-free-sound-0117.wav,33.6573125,0.08519165962934494
train,noise/free-sound/noise-free-sound-0118.wav,17.41,0.044342827051877975
train,noise/free-sound/noise-free-sound-0119.wav,70.728,0.052567992359399796
train,noise/free-sound/noise-free-sound-0120.wav,18.4344375,0.2627156674861908
train,noise/free-sound/noise-free-sound-0121.wav,44.0,0.03234189376235008
train,noise/free-sound/noise-free-sound-0122.wav,8.0,0.031088661402463913
train,noise/free-sound/noise-free-sound-0123.wav,7.5,0.05381748080253601
train,noise/free-sound/noise-free-sound-0124.wav,5.0,0.06208133324980736
train,noise/free-sound/noise-free-sound-0125.wav,1.125,0.05549873784184456
train,noise/free-sound/noise-free-sound-0126.wav,19.7823125,0.016480645164847374
train,noise/free-sound/noise-free-sound-0127.wav,2.448,0.041250959038734436
train,noise/free-sound/noise-free-sound-0128.wav,4.056,0.033089909702539444
train,noise/free-sound/noise-free-sound-0129.wav,8.2939375,0.02219713293015957
train,noise/free-sound/noise-free-sound-0130.wav,38.8701875,0.05674542486667633
train,noise/free-sound/noise-free-sound-0131.wav,55.597375,0.06609814614057541
train,noise/free-sound/noise-free-sound-0132.wav,0.7158125,0.0999051108956337
train,noise/free-sound/noise-free-sound-0133.wav,0.5209375,0.11084580421447754
train,noise/free-sound/noise-free-sound-0134.wav,2.513375,0.026915693655610085
train,noise/free-sound/noise-free-sound-0135.wav,3.0045625,0.0799274742603302
train,noise/free-sound/noise-free-sound-0136.wav,0.625,0.08511532843112946
train,noise/free-sound/noise-free-sound-0137.wav,113.25,0.011948485858738422
train,noise/free-sound/noise-free-sound-0138.wav,3.25,0.04840674623847008
train,noise/free-sound/noise-free-sound-0139.wav,15.5146875,0.025845933705568314
train,noise/free-sound/noise-free-sound-0140.wav,24.77475,0.012172553688287735
train,noise/free-sound/noise-free-sound-0141.wav,135.0720625,0.04096035286784172
train,noise/free-sound/noise-free-sound-0142.wav,38.99975,0.033781711012125015
train,noise/free-sound/noise-free-sound-0143.wav,13.0430625,0.013805116526782513
train,noise/free-sound/noise-free-sound-0144.wav,25.54775,0.136098712682724
train,noise/free-sound/noise-free-sound-0145.wav,2.9121875,0.07779847830533981
train,noise/free-sound/noise-free-sound-0146.wav,2.0775,0.026216337457299232
train,noise/free-sound/noise-free-sound-0147.wav,8.6333125,0.20758233964443207
train,noise/free-sound/noise-free-sound-0148.wav,2.214875,0.020685670897364616
train,noise/free-sound/noise-free-sound-0149.wav,1.7618125,0.0842508003115654
train,noise/free-sound/noise-free-sound-0150.wav,0.4504375,0.03692903742194176
train,noise/free-sound/noise-free-sound-0151.wav,53.76,0.05299970135092735
train,noise/free-sound/noise-free-sound-0152.wav,97.156,0.018531352281570435
train,noise/free-sound/noise-free-sound-0153.wav,72.1493125,0.008794168010354042
train,noise/free-sound/noise-free-sound-0154.wav,62.464,0.06217845529317856
train,noise/free-sound/noise-free-sound-0155.wav,72.6613125,0.0456816628575325
train,noise/free-sound/noise-free-sound-0156.wav,90.197375,0.018847698345780373
train,noise/free-sound/noise-free-sound-0157.wav,3.0933125,0.15810731053352356
train,noise/free-sound/noise-free-sound-0158.wav,64.884,0.007497943937778473
train,noise/free-sound/noise-free-sound-0159.wav,5.216,0.07187561690807343
train,noise/free-sound/noise-free-sound-0160.wav,34.325375,0.0507843978703022
train,noise/free-sound/noise-free-sound-0161.wav,76.476,0.058606624603271484
train,noise/free-sound/noise-free-sound-0162.wav,14.9333125,0.014961466193199158
train,noise/free-sound/noise-free-sound-0163.wav,0.3626875,0.1304340958595276
train,noise/free-sound/noise-free-sound-0164.wav,24.96,0.02270853891968727
train,noise/free-sound/noise-free-sound-0165.wav,33.837375,0.020268714055418968
train,noise/free-sound/noise-free-sound-0166.wav,0.768,0.12463682144880295
train,noise/free-sound/noise-free-sound-0167.wav,2.005375,0.09784073382616043
train,noise/free-sound/noise-free-sound-0168.wav,1.344,0.09780868887901306
train,noise/free-sound/noise-free-sound-0169.wav,2.304,0.07819738984107971
train,noise/free-sound/noise-free-sound-0170.wav,5.2906875,0.0410243459045887
train,noise/free-sound/noise-free-sound-0171.wav,4.6293125,0.09066470712423325
train,noise/free-sound/noise-free-sound-0172.wav,49.5543125,0.15253888070583344
train,noise/free-sound/noise-free-sound-0173.wav,106.802,0.03660242632031441
train,noise/free-sound/noise-free-sound-0174.wav,9.109125,0.03291758522391319
train,noise/free-sound/noise-free-sound-0175.wav,4.7188125,0.030510850250720978
train,noise/free-sound/noise-free-sound-0176.wav,2.9843125,0.07392294704914093
train,noise/free-sound/noise-free-sound-0177.wav,106.737875,0.014649895019829273
train,noise/free-sound/noise-free-sound-0178.wav,4.884625,0.07338564842939377
train,noise/free-sound/noise-free-sound-0179.wav,2.813,0.026941245421767235
train,noise/free-sound/noise-free-sound-0180.wav,15.5155,0.052562348544597626
train,noise/free-sound/noise-free-sound-0181.wav,4.7964375,0.017637288197875023
train,noise/free-sound/noise-free-sound-0182.wav,2.25225,0.05241338163614273
train,noise/free-sound/noise-free-sound-0183.wav,8.0914375,0.04602668061852455
train,noise/free-sound/noise-free-sound-0184.wav,32.407375,0.05794139578938484
train,noise/free-sound/noise-free-sound-0185.wav,2.6693125,0.08157354593276978
train,noise/free-sound/noise-free-sound-0186.wav,2.8361875,0.01683889329433441
train,noise/free-sound/noise-free-sound-0187.wav,6.4230625,0.016764214262366295
train,noise/free-sound/noise-free-sound-0188.wav,9.5511875,0.042392484843730927
train,noise/free-sound/noise-free-sound-0189.wav,6.8401875,0.03030153177678585
train,noise/free-sound/noise-free-sound-0190.wav,6.131125,0.033692434430122375
train,noise/free-sound/noise-free-sound-0191.wav,3.9623125,0.04725954681634903
train,noise/free-sound/noise-free-sound-0192.wav,6.6733125,0.03271656110882759
train,noise/free-sound/noise-free-sound-0193.wav,4.004,0.02426316775381565
train,noise/free-sound/noise-free-sound-0194.wav,7.882875,0.06913600116968155
train,noise/free-sound/noise-free-sound-0195.wav,4.2959375,0.03338419273495674
train,noise/free-sound/noise-free-sound-0196.wav,3.628625,0.03880972042679787
train,noise/free-sound/noise-free-sound-0197.wav,10.5939375,0.06445953249931335
train,noise/free-sound/noise-free-sound-0198.wav,9.134125,0.010551821440458298
train,noise/free-sound/noise-free-sound-0199.wav,6.25625,0.04261793941259384
train,noise/free-sound/noise-free-sound-0200.wav,8.75875,0.05165497586131096
train,noise/free-sound/noise-free-sound-0201.wav,7.0486875,0.03031056560575962
train,noise/free-sound/noise-free-sound-0202.wav,10.5521875,0.01994105614721775
train,noise/free-sound/noise-free-sound-0203.wav,11.0944375,0.05353863909840584
train,noise/free-sound/noise-free-sound-0204.wav,6.381375,0.034790318459272385
train,noise/free-sound/noise-free-sound-0205.wav,14.389375,0.03819683939218521
train,noise/free-sound/noise-free-sound-0206.wav,2.3356875,0.08835189044475555
train,noise/free-sound/noise-free-sound-0207.wav,7.0904375,0.015486874617636204
train,noise/free-sound/noise-free-sound-0208.wav,6.4648125,0.043124981224536896
train,noise/free-sound/noise-free-sound-0209.wav,9.6763125,0.03408803790807724
train,noise/free-sound/noise-free-sound-0210.wav,5.6723125,0.022591933608055115
train,noise/free-sound/noise-free-sound-0211.wav,6.2145625,0.03797854855656624
train,noise/free-sound/noise-free-sound-0212.wav,9.5511875,0.07562563568353653
train,noise/free-sound/noise-free-sound-0213.wav,5.7140625,0.06729837507009506
train,noise/free-sound/noise-free-sound-0214.wav,8.25825,0.04794452711939812
train,noise/free-sound/noise-free-sound-0215.wav,6.4375,0.02876589260995388
train,noise/free-sound/noise-free-sound-0216.wav,38.4588125,0.08392564207315445
train,noise/free-sound/noise-free-sound-0217.wav,4.8381875,0.023469315841794014
train,noise/free-sound/noise-free-sound-0218.wav,6.131125,0.06398402899503708
train,noise/free-sound/noise-free-sound-0219.wav,6.5899375,0.042622439563274384
train,noise/free-sound/noise-free-sound-0220.wav,8.4668125,0.03878623619675636
train,noise/free-sound/noise-free-sound-0221.wav,10.9275625,0.02385111153125763
train,noise/free-sound/noise-free-sound-0222.wav,1.2095625,0.08227390795946121
train,noise/free-sound/noise-free-sound-0223.wav,3.5869375,0.0693453848361969
train,noise/free-sound/noise-free-sound-0224.wav,12.8044375,0.054351672530174255
train,noise/free-sound/noise-free-sound-0225.wav,12.452,0.015415950678288937
train,noise/free-sound/noise-free-sound-0226.wav,26.1973125,0.10926525294780731
train,noise/free-sound/noise-free-sound-0227.wav,31.1654375,0.011057702824473381
train,noise/free-sound/noise-free-sound-0228.wav,16.6486875,0.042658109217882156
train,noise/free-sound/noise-free-sound-0229.wav,5.3339375,0.11092111468315125
train,noise/free-sound/noise-free-sound-0230.wav,41.592,0.05706547573208809
train,noise/free-sound/noise-free-sound-0231.wav,22.33075,0.022546730935573578
train,noise/free-sound/noise-free-sound-0232.wav,44.2890625,0.042499084025621414
train,noise/free-sound/noise-free-sound-0233.wav,44.3495,0.05787660926580429
train,noise/free-sound/noise-free-sound-0234.wav,75.0171875,0.03603597730398178
train,noise/free-sound/noise-free-sound-0235.wav,200.7829375,0.038586996495723724
train,noise/free-sound/noise-free-sound-0236.wav,5.5640625,0.1896110475063324
train,noise/free-sound/noise-free-sound-0237.wav,5.302875,0.03839379549026489
train,noise/free-sound/noise-free-sound-0238.wav,13.944,0.039737407118082047
train,noise/free-sound/noise-free-sound-0239.wav,37.50525,0.08794654905796051
train,noise/free-sound/noise-free-sound-0240.wav,26.2261875,0.03328998014330864
train,noise/free-sound/noise-free-sound-0241.wav,52.6185,0.026958363130688667
train,noise/free-sound/noise-free-sound-0242.wav,23.0038125,0.04528762027621269
train,noise/free-sound/noise-free-sound-0243.wav,90.0005625,0.0357666015625
train,noise/free-sound/noise-free-sound-0244.wav,118.8401875,0.026809563860297203
train,noise/free-sound/noise-free-sound-0245.wav,29.562875,0.010990160517394543
train,noise/free-sound/noise-free-sound-0246.wav,24.7246875,0.029057923704385757
train,noise/free-sound/noise-free-sound-0247.wav,77.7345625,0.13703718781471252
train,noise/free-sound/noise-free-sound-0248.wav,60.30275,0.06144831329584122
train,noise/free-sound/noise-free-sound-0249.wav,40.684625,0.01766958460211754
train,noise/free-sound/noise-free-sound-0250.wav,8.6204375,0.09253757447004318
train,noise/free-sound/noise-free-sound-0251.wav,31.973875,0.10958096385002136
train,noise/free-sound/noise-free-sound-0252.wav,20.9501875,0.037849124521017075
train,noise/free-sound/noise-free-sound-0253.wav,0.9750625,0.03105640597641468
train,noise/free-sound/noise-free-sound-0254.wav,64.142125,0.03622563183307648
train,noise/free-sound/noise-free-sound-0255.wav,5.5375,0.09842009842395782
train,noise/free-sound/noise-free-sound-0256.wav,37.5069375,0.012584677897393703
train,noise/free-sound/noise-free-sound-0257.wav,5.0,0.004914766643196344
train,noise/free-sound/noise-free-sound-0258.wav,25.7580625,0.2934410572052002
train,noise/free-sound/noise-free-sound-0259.wav,14.7069375,0.023536955937743187
train,noise/free-sound/noise-free-sound-0260.wav,14.4,0.08175045251846313
train,noise/free-sound/noise-free-sound-0261.wav,88.0,0.044494520872831345
train,noise/free-sound/noise-free-sound-0262.wav,35.0301875,0.014555398374795914
train,noise/free-sound/noise-free-sound-0263.wav,0.9043125,0.006316532380878925
train,noise/free-sound/noise-free-sound-0264.wav,29.631375,0.008275926113128662
train,noise/free-sound/noise-free-sound-0265.wav,1.3325625,0.031494367867708206
train,noise/free-sound/noise-free-sound-0266.wav,34.674625,0.052908796817064285
train,noise/free-sound/noise-free-sound-0267.wav,36.1389375,0.009712645784020424
train,noise/free-sound/noise-free-sound-0268.wav,22.710875,0.07346329838037491
train,noise/free-sound/noise-free-sound-0269.wav,49.125125,0.05663708969950676
train,noise/free-sound/noise-free-sound-0270.wav,398.0610625,0.04078911244869232
train,noise/free-sound/noise-free-sound-0271.wav,29.6983125,0.026326850056648254
train,noise/free-sound/noise-free-sound-0272.wav,41.058125,0.3127070665359497
train,noise/free-sound/noise-free-sound-0273.wav,10.6433125,0.031103668734431267
train,noise/free-sound/noise-free-sound-0274.wav,3.96775,0.037425946444272995
train,noise/free-sound/noise-free-sound-0275.wav,12.096,0.034055352210998535
train,noise/free-sound/noise-free-sound-0276.wav,2.8715,0.3022034466266632
train,noise/free-sound/noise-free-sound-0277.wav,5.705125,0.0423748753964901
train,noise/free-sound/noise-free-sound-0278.wav,37.59825,0.026329314336180687
train,noise/free-sound/noise-free-sound-0279.wav,17.3333125,0.1291254162788391
train,noise/free-sound/noise-free-sound-0280.wav,62.10325,0.08421215415000916
train,noise/free-sound/noise-free-sound-0281.wav,0.1,0.0008713952847756445
train,noise/free-sound/noise-free-sound-0282.wav,37.72675,0.03869716450572014
train,noise/free-sound/noise-free-sound-0283.wav,22.9636875,0.005775699391961098
train,noise/free-sound/noise-free-sound-0284.wav,2.786,0.14792244136333466
train,noise/free-sound/noise-free-sound-0285.wav,4.0925,0.017943454906344414
train,noise/free-sound/noise-free-sound-0286.wav,9.5603125,0.054936982691287994
train,noise/free-sound/noise-free-sound-0287.wav,60.6563125,0.02655193768441677
train,noise/free-sound/noise-free-sound-0288.wav,59.688,0.009608861990272999
train,noise/free-sound/noise-free-sound-0289.wav,22.2821875,0.09163817763328552
train,noise/free-sound/noise-free-sound-0290.wav,44.304,0.030345182865858078
train,noise/free-sound/noise-free-sound-0291.wav,9.090625,0.2115832418203354
train,noise/free-sound/noise-free-sound-0292.wav,17.97225,0.2524002492427826
train,noise/free-sound/noise-free-sound-0293.wav,43.0381875,0.015832778066396713
train,noise/free-sound/noise-free-sound-0294.wav,6.5875,0.05032056197524071
train,noise/free-sound/noise-free-sound-0295.wav,6.8963125,0.07769472151994705
train,noise/free-sound/noise-free-sound-0296.wav,1.8616875,0.08366407454013824
train,noise/free-sound/noise-free-sound-0297.wav,1.799,0.1571785807609558
train,noise/free-sound/noise-free-sound-0298.wav,32.0,0.1518697738647461
train,noise/free-sound/noise-free-sound-0299.wav,0.212625,0.07357385754585266
train,noise/free-sound/noise-free-sound-0300.wav,6.112625,0.12782976031303406
train,noise/free-sound/noise-free-sound-0301.wav,180.9495625,0.03669818118214607
train,noise/free-sound/noise-free-sound-0302.wav,17.914125,0.07714607566595078
train,noise/free-sound/noise-free-sound-0303.wav,8.1955,0.02229280211031437
train,noise/free-sound/noise-free-sound-0304.wav,62.0408125,0.07652237266302109
train,noise/free-sound/noise-free-sound-0305.wav,29.5,0.024681456387043
train,noise/free-sound/noise-free-sound-0306.wav,24.5,0.023795874789357185
train,noise/free-sound/noise-free-sound-0307.wav,10.704,0.025687742978334427
train,noise/free-sound/noise-free-sound-0308.wav,58.28175,0.06723242998123169
train,noise/free-sound/noise-free-sound-0309.wav,3.3729375,0.07240822911262512
train,noise/free-sound/noise-free-sound-0310.wav,22.03575,0.022913042455911636
train,noise/free-sound/noise-free-sound-0311.wav,13.746375,0.03471088036894798
train,noise/free-sound/noise-free-sound-0312.wav,1.513,0.026560822501778603
train,noise/free-sound/noise-free-sound-0313.wav,2.7875,0.053717926144599915
train,noise/free-sound/noise-free-sound-0314.wav,0.6109375,0.03753811493515968
train,noise/free-sound/noise-free-sound-0315.wav,2.7838125,0.03004627861082554
train,noise/free-sound/noise-free-sound-0316.wav,11.1455625,0.010907059535384178
train,noise/free-sound/noise-free-sound-0317.wav,7.256875,0.050118256360292435
train,noise/free-sound/noise-free-sound-0318.wav,0.40925,0.05898527055978775
train,noise/free-sound/noise-free-sound-0319.wav,1.515125,0.0426362082362175
train,noise/free-sound/noise-free-sound-0320.wav,6.7395625,0.07185203582048416
train,noise/free-sound/noise-free-sound-0321.wav,113.0,0.028845947235822678
train,noise/free-sound/noise-free-sound-0322.wav,31.0335,0.018543396145105362
train,noise/free-sound/noise-free-sound-0323.wav,10.73175,0.1975315362215042
train,noise/free-sound/noise-free-sound-0324.wav,36.2056875,0.12887051701545715
train,noise/free-sound/noise-free-sound-0325.wav,1.6456875,0.08280790597200394
train,noise/free-sound/noise-free-sound-0326.wav,16.0775,0.1114916056394577
train,noise/free-sound/noise-free-sound-0327.wav,5.1596875,0.026619240641593933
train,noise/free-sound/noise-free-sound-0328.wav,0.7181875,0.07777177542448044
train,noise/free-sound/noise-free-sound-0329.wav,9.69225,0.025797756388783455
train,noise/free-sound/noise-free-sound-0330.wav,8.4288125,0.022084051743149757
train,noise/free-sound/noise-free-sound-0331.wav,6.375,0.05982063338160515
train,noise/free-sound/noise-free-sound-0332.wav,3.625,0.07769813388586044
train,noise/free-sound/noise-free-sound-0333.wav,15.6735,0.04349810257554054
train,noise/free-sound/noise-free-sound-0334.wav,178.1493125,0.032667893916368484
train,noise/free-sound/noise-free-sound-0335.wav,34.0375625,0.04825016111135483
train,noise/free-sound/noise-free-sound-0336.wav,48.08275,0.13560190796852112
train,noise/free-sound/noise-free-sound-0337.wav,1.4255,0.2234208583831787
train,noise/free-sound/noise-free-sound-0338.wav,9.24,0.018683331087231636
train,noise/free-sound/noise-free-sound-0339.wav,20.328,0.02289791963994503
train,noise/free-sound/noise-free-sound-0340.wav,33.672,0.03894010931253433
train,noise/free-sound/noise-free-sound-0341.wav,23.071875,0.023344693705439568
train,noise/free-sound/noise-free-sound-0342.wav,13.806,0.09261415898799896
train,noise/free-sound/noise-free-sound-0343.wav,2.809625,0.0704667717218399
train,noise/free-sound/noise-free-sound-0344.wav,20.544,0.026964064687490463
train,noise/free-sound/noise-free-sound-0345.wav,5.9024375,0.11662321537733078
train,noise/free-sound/noise-free-sound-0346.wav,18.5469375,0.021898966282606125
train,noise/free-sound/noise-free-sound-0347.wav,13.7801875,0.2138994336128235
train,noise/free-sound/noise-free-sound-0348.wav,50.1140625,0.03524171933531761
train,noise/free-sound/noise-free-sound-0349.wav,1.0,0.1690613180398941
train,noise/free-sound/noise-free-sound-0350.wav,9.0,0.040681108832359314
train,noise/free-sound/noise-free-sound-0351.wav,4.968,0.027849895879626274
train,noise/free-sound/noise-free-sound-0352.wav,10.0,0.07022271305322647
train,noise/free-sound/noise-free-sound-0353.wav,26.0963125,0.2605692744255066
train,noise/free-sound/noise-free-sound-0354.wav,0.9999375,0.05305643379688263
train,noise/free-sound/noise-free-sound-0355.wav,14.664,0.08156871050596237
train,noise/free-sound/noise-free-sound-0356.wav,24.96,0.1574023813009262
train,noise/free-sound/noise-free-sound-0357.wav,8.1763125,0.2569054663181305
train,noise/free-sound/noise-free-sound-0358.wav,21.24625,0.035855066031217575
train,noise/free-sound/noise-free-sound-0359.wav,18.3078125,0.014943092130124569
train,noise/free-sound/noise-free-sound-0360.wav,13.89375,0.022115277126431465
train,noise/free-sound/noise-free-sound-0361.wav,7.7390625,0.0052618165500462055
train,noise/free-sound/noise-free-sound-0362.wav,12.875,0.025662187486886978
train,noise/free-sound/noise-free-sound-0363.wav,4.721875,0.011223689652979374
train,noise/free-sound/noise-free-sound-0364.wav,11.8400625,0.012878494337201118
train,noise/free-sound/noise-free-sound-0365.wav,10.057125,0.21046742796897888
train,noise/free-sound/noise-free-sound-0366.wav,4.049,0.33490365743637085
train,noise/free-sound/noise-free-sound-0367.wav,1.044875,0.22696106135845184
train,noise/free-sound/noise-free-sound-0368.wav,1.6456875,0.2907167971134186
train,noise/free-sound/noise-free-sound-0369.wav,4.049,0.2372066080570221
train,noise/free-sound/noise-free-sound-0370.wav,72.2546875,0.0368385836482048
train,noise/free-sound/noise-free-sound-0371.wav,21.28,0.09028219431638718
train,noise/free-sound/noise-free-sound-0372.wav,22.88875,0.04608670249581337
train,noise/free-sound/noise-free-sound-0373.wav,3.234625,0.06457925587892532
train,noise/free-sound/noise-free-sound-0374.wav,0.7430625,2.589870007341233e-07
train,noise/free-sound/noise-free-sound-0375.wav,0.75,0.008004882372915745
train,noise/free-sound/noise-free-sound-0376.wav,5.0866875,0.04294144734740257
train,noise/free-sound/noise-free-sound-0377.wav,8.986125,0.0908549502491951
train,noise/free-sound/noise-free-sound-0378.wav,22.2824375,0.046287212520837784
train,noise/free-sound/noise-free-sound-0379.wav,6.9893125,0.09434410184621811
train,noise/free-sound/noise-free-sound-0380.wav,0.144,0.03649836778640747
train,noise/free-sound/noise-free-sound-0381.wav,44.2775625,0.10409745573997498
train,noise/free-sound/noise-free-sound-0382.wav,60.552,0.034003183245658875
train,noise/free-sound/noise-free-sound-0383.wav,32.904,0.07692724466323853
train,noise/free-sound/noise-free-sound-0384.wav,178.211375,0.025643497705459595
train,noise/free-sound/noise-free-sound-0385.wav,8.408375,0.05071987211704254
train,noise/free-sound/noise-free-sound-0386.wav,26.7350625,0.031059708446264267
train,noise/free-sound/noise-free-sound-0387.wav,5.96025,0.06439970433712006
train,noise/free-sound/noise-free-sound-0388.wav,4.382375,0.04423951730132103
train,noise/free-sound/noise-free-sound-0389.wav,13.7295,0.10568549484014511
train,noise/free-sound/noise-free-sound-0390.wav,15.7635,0.04382310435175896
train,noise/free-sound/noise-free-sound-0391.wav,23.391,0.018330859020352364
train,noise/free-sound/noise-free-sound-0392.wav,13.221,0.013229451142251492
train,noise/free-sound/noise-free-sound-0393.wav,5.5379375,0.03775392845273018
train,noise/free-sound/noise-free-sound-0394.wav,23.72,0.05215062201023102
train,noise/free-sound/noise-free-sound-0395.wav,7.73225,0.03044125624001026
train,noise/free-sound/noise-free-sound-0396.wav,9.7959375,0.03589799255132675
train,noise/free-sound/noise-free-sound-0397.wav,45.328,0.011843379586935043
train,noise/free-sound/noise-free-sound-0398.wav,44.8800625,0.010618491098284721
train,noise/free-sound/noise-free-sound-0399.wav,16.9025,0.03693331032991409
train,noise/free-sound/noise-free-sound-0400.wav,14.86075,0.012356513179838657
train,noise/free-sound/noise-free-sound-0401.wav,10.3515625,0.01837407611310482
train,noise/free-sound/noise-free-sound-0402.wav,29.6705625,0.013565191999077797
train,noise/free-sound/noise-free-sound-0403.wav,13.009,0.06084136664867401
train,noise/free-sound/noise-free-sound-0404.wav,19.040375,0.10327192395925522
train,noise/free-sound/noise-free-sound-0405.wav,2.306875,0.03524678200483322
train,noise/free-sound/noise-free-sound-0406.wav,19.8315,0.05282257869839668
train,noise/free-sound/noise-free-sound-0407.wav,2.9594375,0.044623784720897675
train,noise/free-sound/noise-free-sound-0408.wav,15.0,0.05332208797335625
train,noise/free-sound/noise-free-sound-0409.wav,8.6186875,0.10226306319236755
train,noise/free-sound/noise-free-sound-0410.wav,1.1808125,0.038361839950084686
train,noise/free-sound/noise-free-sound-0411.wav,2.3625625,0.0322076678276062
train,noise/free-sound/noise-free-sound-0412.wav,2.624875,0.044953443109989166
train,noise/free-sound/noise-free-sound-0413.wav,21.995125,0.03321641683578491
train,noise/free-sound/noise-free-sound-0414.wav,28.3785,0.03101469576358795
train,noise/free-sound/noise-free-sound-0415.wav,6.624,0.017043698579072952
train,noise/free-sound/noise-free-sound-0416.wav,14.9700625,0.07003152370452881
train,noise/free-sound/noise-free-sound-0417.wav,10.1516875,0.024113353341817856
train,noise/free-sound/noise-free-sound-0418.wav,40.99575,0.019238855689764023
train,noise/free-sound/noise-free-sound-0419.wav,11.9901875,0.09793315082788467
train,noise/free-sound/noise-free-sound-0420.wav,0.8214375,0.08973070979118347
train,noise/free-sound/noise-free-sound-0421.wav,3.3698125,0.020990706980228424
train,noise/free-sound/noise-free-sound-0422.wav,9.1626875,0.014323156327009201
train,noise/free-sound/noise-free-sound-0423.wav,12.25,0.02368086576461792
train,noise/free-sound/noise-free-sound-0424.wav,16.666125,0.09960763156414032
train,noise/free-sound/noise-free-sound-0425.wav,1.410625,0.25385206937789917
train,noise/free-sound/noise-free-sound-0426.wav,3.89225,0.2450893521308899
train,noise/free-sound/noise-free-sound-0427.wav,21.995125,0.22187045216560364
train,noise/free-sound/noise-free-sound-0428.wav,18.622375,0.06734079867601395
train,noise/free-sound/noise-free-sound-0429.wav,24.0,0.05017399042844772
train,noise/free-sound/noise-free-sound-0430.wav,67.2,0.039679136127233505
train,noise/free-sound/noise-free-sound-0431.wav,22.9355,0.04259328544139862
train,noise/free-sound/noise-free-sound-0432.wav,22.2540625,0.04090152680873871
train,noise/free-sound/noise-free-sound-0433.wav,42.2370625,0.059927552938461304
train,noise/free-sound/noise-free-sound-0434.wav,21.528,0.051974814385175705
train,noise/free-sound/noise-free-sound-0435.wav,5.27675,0.015150045044720173
train,noise/free-sound/noise-free-sound-0436.wav,51.2120625,0.03175858035683632
train,noise/free-sound/noise-free-sound-0437.wav,1.19,3.958451202379365e-07
train,noise/free-sound/noise-free-sound-0438.wav,7.52325,0.0758250281214714
train,noise/free-sound/noise-free-sound-0439.wav,30.7875625,0.05084805563092232
train,noise/free-sound/noise-free-sound-0440.wav,4.1883125,0.02127326838672161
train,noise/free-sound/noise-free-sound-0441.wav,45.568,0.060903094708919525
train,noise/free-sound/noise-free-sound-0442.wav,76.0721875,0.036283113062381744
train,noise/free-sound/noise-free-sound-0443.wav,42.24,0.016077127307653427
train,noise/free-sound/noise-free-sound-0444.wav,20.2478125,0.022445961833000183
train,noise/free-sound/noise-free-sound-0445.wav,18.3901875,0.049584317952394485
train,noise/free-sound/noise-free-sound-0446.wav,31.416,0.011185670271515846
train,noise/free-sound/noise-free-sound-0447.wav,28.5779375,0.01004602387547493
train,noise/free-sound/noise-free-sound-0448.wav,0.574,0.11578892171382904
train,noise/free-sound/noise-free-sound-0449.wav,4.7380625,0.04884331300854683
train,noise/free-sound/noise-free-sound-0450.wav,16.1713125,0.193118616938591
train,noise/free-sound/noise-free-sound-0451.wav,44.04,0.06223294511437416
train,noise/free-sound/noise-free-sound-0452.wav,17.8445625,0.15768374502658844
train,noise/free-sound/noise-free-sound-0453.wav,0.9404375,0.0542965829372406
train,noise/free-sound/noise-free-sound-0454.wav,41.885,0.03289172798395157
train,noise/free-sound/noise-free-sound-0455.wav,168.2695,0.03914259746670723
train,noise/free-sound/noise-free-sound-0456.wav,28.96325,0.05199239030480385
train,noise/free-sound/noise-free-sound-0457.wav,44.3666875,0.017017558217048645
train,noise/free-sound/noise-free-sound-0458.wav,20.7055625,0.06016414240002632
train,noise/free-sound/noise-free-sound-0459.wav,40.3069375,0.09874601662158966
train,noise/free-sound/noise-free-sound-0460.wav,13.104,0.038429416716098785
train,noise/free-sound/noise-free-sound-0461.wav,53.3406875,0.04417074844241142
train,noise/free-sound/noise-free-sound-0462.wav,18.76375,0.07823855429887772
train,noise/free-sound/noise-free-sound-0463.wav,15.1105625,0.05224224925041199
train,noise/free-sound/noise-free-sound-0464.wav,8.0831875,0.03142475709319115
train,noise/free-sound/noise-free-sound-0465.wav,9.007375,0.13380466401576996
train,noise/free-sound/noise-free-sound-0466.wav,13.9530625,0.04733031988143921
train,noise/free-sound/noise-free-sound-0467.wav,14.1738125,0.04154488444328308
train,noise/free-sound/noise-free-sound-0468.wav,23.12375,0.053234294056892395
train,noise/free-sound/noise-free-sound-0469.wav,10.7805,0.0436321459710598
train,noise/free-sound/noise-free-sound-0470.wav,4.757375,0.1546269804239273
train,noise/free-sound/noise-free-sound-0471.wav,7.915125,0.02925923280417919
train,noise/free-sound/noise-free-sound-0472.wav,94.0,0.04926766827702522
train,noise/free-sound/noise-free-sound-0473.wav,9.11675,0.09038642793893814
train,noise/free-sound/noise-free-sound-0474.wav,35.935,0.030509065836668015
train,noise/free-sound/noise-free-sound-0475.wav,36.3624375,0.058621712028980255
train,noise/free-sound/noise-free-sound-0476.wav,9.5608125,0.050260499119758606
train,noise/free-sound/noise-free-sound-0477.wav,15.124875,0.07204657047986984
train,noise/free-sound/noise-free-sound-0478.wav,8.5195,0.048078786581754684
train,noise/free-sound/noise-free-sound-0479.wav,3.715625,0.10714650899171829
train,noise/free-sound/noise-free-sound-0480.wav,35.2898125,0.04612552002072334
train,noise/free-sound/noise-free-sound-0481.wav,7.907875,0.14924266934394836
train,noise/free-sound/noise-free-sound-0482.wav,13.5314375,0.02954801917076111
train,noise/free-sound/noise-free-sound-0483.wav,22.5959375,0.022938815876841545
train,noise/free-sound/noise-free-sound-0484.wav,10.6318125,0.030818503350019455
train,noise/free-sound/noise-free-sound-0485.wav,10.8930625,0.05822751671075821
train,noise/free-sound/noise-free-sound-0486.wav,6.4098125,0.01118223275989294
train,noise/free-sound/noise-free-sound-0487.wav,1.9301875,0.031102990731596947
train,noise/free-sound/noise-free-sound-0488.wav,5.656875,0.040080949664115906
train,noise/free-sound/noise-free-sound-0489.wav,62.8613125,0.023358652368187904
train,noise/free-sound/noise-free-sound-0490.wav,12.9799375,0.013502035290002823
train,noise/free-sound/noise-free-sound-0491.wav,1.544125,0.031686265021562576
train,noise/free-sound/noise-free-sound-0492.wav,20.0,0.05861775949597359
train,noise/free-sound/noise-free-sound-0493.wav,14.02775,0.029563307762145996
train,noise/free-sound/noise-free-sound-0494.wav,56.05875,0.060667529702186584
train,noise/free-sound/noise-free-sound-0495.wav,18.2066875,0.08725643903017044
train,noise/free-sound/noise-free-sound-0496.wav,5.97325,0.055248506367206573
train,noise/free-sound/noise-free-sound-0497.wav,302.0,0.045467883348464966
train,noise/free-sound/noise-free-sound-0498.wav,5.0,0.016401100903749466
train,noise/free-sound/noise-free-sound-0499.wav,7.889,0.017813293263316154
train,noise/free-sound/noise-free-sound-0500.wav,34.374875,0.07433386147022247
train,noise/free-sound/noise-free-sound-0501.wav,12.0079375,0.08994701504707336
train,noise/free-sound/noise-free-sound-0502.wav,73.2,0.03240280598402023
train,noise/free-sound/noise-free-sound-0503.wav,5.0648125,0.046961430460214615
train,noise/free-sound/noise-free-sound-0504.wav,58.0034375,0.04388689994812012
train,noise/free-sound/noise-free-sound-0505.wav,9.373875,0.09661614149808884
train,noise/free-sound/noise-free-sound-0506.wav,24.58125,0.026245592162013054
train,noise/free-sound/noise-free-sound-0507.wav,1.1199375,0.017153136432170868
train,noise/free-sound/noise-free-sound-0508.wav,7.319875,0.009689533151686192
train,noise/free-sound/noise-free-sound-0509.wav,10.79725,0.16952723264694214
train,noise/free-sound/noise-free-sound-0510.wav,19.845125,0.04474690556526184
train,noise/free-sound/noise-free-sound-0511.wav,4.0,0.05655713379383087
train,noise/free-sound/noise-free-sound-0512.wav,3.78775,0.026339855045080185
train,noise/free-sound/noise-free-sound-0513.wav,10.7885625,0.012656833045184612
train,noise/free-sound/noise-free-sound-0514.wav,5.329,0.00939034391194582
train,noise/free-sound/noise-free-sound-0515.wav,4.075125,0.02830776944756508
train,noise/free-sound/noise-free-sound-0516.wav,1.0991875,0.07844716310501099
train,noise/free-sound/noise-free-sound-0517.wav,9.962,0.014107516035437584
train,noise/free-sound/noise-free-sound-0518.wav,18.7820625,0.04062504321336746
train,noise/free-sound/noise-free-sound-0519.wav,33.5935,0.05104810744524002
train,noise/free-sound/noise-free-sound-0520.wav,12.5,0.030691981315612793
train,noise/free-sound/noise-free-sound-0521.wav,7.0008125,0.03188765048980713
train,noise/free-sound/noise-free-sound-0522.wav,79.2853125,0.017952265217900276
train,noise/free-sound/noise-free-sound-0523.wav,8.424,0.03407513350248337
train,noise/free-sound/noise-free-sound-0524.wav,22.6495,0.035302065312862396
train,noise/free-sound/noise-free-sound-0525.wav,0.9583125,0.07954972237348557
train,noise/free-sound/noise-free-sound-0526.wav,1.4186875,0.03291534259915352
train,noise/free-sound/noise-free-sound-0527.wav,9.3093125,0.027845852077007294
train,noise/free-sound/noise-free-sound-0528.wav,3.06975,0.03752041608095169
train,noise/free-sound/noise-free-sound-0529.wav,1.8594375,0.11263688653707504
train,noise/free-sound/noise-free-sound-0530.wav,7.7573125,0.13751307129859924
train,noise/free-sound/noise-free-sound-0531.wav,46.7388125,0.16500982642173767
train,noise/free-sound/noise-free-sound-0532.wav,6.0,0.01770815998315811
train,noise/free-sound/noise-free-sound-0533.wav,37.91875,0.1319381147623062
train,noise/free-sound/noise-free-sound-0534.wav,17.477625,0.028349682688713074
train,noise/free-sound/noise-free-sound-0535.wav,18.137625,0.02680165506899357
train,noise/free-sound/noise-free-sound-0536.wav,0.69275,0.16672660410404205
train,noise/free-sound/noise-free-sound-0537.wav,12.1733125,0.019201423972845078
train,noise/free-sound/noise-free-sound-0538.wav,0.5738125,0.02545657753944397
train,noise/free-sound/noise-free-sound-0539.wav,1.515125,0.0866997167468071
train,noise/free-sound/noise-free-sound-0540.wav,3.0040625,0.016370726749300957
train,noise/free-sound/noise-free-sound-0541.wav,16.37875,0.012002836912870407
train,noise/free-sound/noise-free-sound-0542.wav,8.224,0.08064471930265427
train,noise/free-sound/noise-free-sound-0543.wav,4.356,0.019136013463139534
train,noise/free-sound/noise-free-sound-0544.wav,107.064,0.014804407954216003
train,noise/free-sound/noise-free-sound-0545.wav,31.07325,0.03191414847970009
train,noise/free-sound/noise-free-sound-0546.wav,117.6240625,0.016521433368325233
train,noise/free-sound/noise-free-sound-0547.wav,4.848875,0.1954786479473114
train,noise/free-sound/noise-free-sound-0548.wav,8.2024375,0.013446212746202946
train,noise/free-sound/noise-free-sound-0549.wav,5.832,0.03358636796474457
train,noise/free-sound/noise-free-sound-0550.wav,6.373875,0.08931571245193481
train,noise/free-sound/noise-free-sound-0551.wav,33.18525,0.06328275054693222
train,noise/free-sound/noise-free-sound-0552.wav,77.736,0.010960646905004978
train,noise/free-sound/noise-free-sound-0553.wav,16.431,0.0317048504948616
train,noise/free-sound/noise-free-sound-0554.wav,0.7836875,0.1763930767774582
train,noise/free-sound/noise-free-sound-0555.wav,21.577125,0.054776307195425034
train,noise/free-sound/noise-free-sound-0556.wav,19.9053125,0.08226145803928375
train,noise/free-sound/noise-free-sound-0557.wav,9.11675,0.050691552460193634
train,noise/free-sound/noise-free-sound-0558.wav,8.38575,0.06994509696960449
train,noise/free-sound/noise-free-sound-0559.wav,14.204625,0.07384513318538666
train,noise/free-sound/noise-free-sound-0560.wav,269.544,0.03145440295338631
train,noise/free-sound/noise-free-sound-0561.wav,1.1755,0.02490137331187725
train,noise/free-sound/noise-free-sound-0562.wav,9.0645,0.018991192802786827
train,noise/free-sound/noise-free-sound-0563.wav,24.331875,0.05708249658346176
train,noise/free-sound/noise-free-sound-0564.wav,0.1035625,0.011895965784788132
train,noise/free-sound/noise-free-sound-0565.wav,7.429375,0.0369032584130764
train,noise/free-sound/noise-free-sound-0566.wav,6.1883125,0.03060462884604931
train,noise/free-sound/noise-free-sound-0567.wav,98.88,0.04714568704366684
train,noise/free-sound/noise-free-sound-0568.wav,113.6384375,0.097239650785923
train,noise/free-sound/noise-free-sound-0569.wav,3.84,0.020919956266880035
train,noise/free-sound/noise-free-sound-0570.wav,6.373875,0.04353569820523262
train,noise/free-sound/noise-free-sound-0571.wav,7.1314375,0.010439659468829632
train,noise/free-sound/noise-free-sound-0572.wav,123.4285625,0.04965611547231674
train,noise/free-sound/noise-free-sound-0573.wav,0.391,0.04393092170357704
train,noise/free-sound/noise-free-sound-0574.wav,20.8456875,0.018946876749396324
train,noise/free-sound/noise-free-sound-0575.wav,6.635125,0.11531470715999603
train,noise/free-sound/noise-free-sound-0576.wav,3.732625,0.025617213919758797
train,noise/free-sound/noise-free-sound-0577.wav,13.4530625,0.0597815178334713
train,noise/free-sound/noise-free-sound-0578.wav,19.35675,0.03867294639348984
train,noise/free-sound/noise-free-sound-0579.wav,17.2660625,0.037487927824258804
train,noise/free-sound/noise-free-sound-0580.wav,135.68,0.02141750231385231
train,noise/free-sound/noise-free-sound-0581.wav,51.4863125,0.046505432575941086
train,noise/free-sound/noise-free-sound-0582.wav,1.4744375,0.09398862719535828
train,noise/free-sound/noise-free-sound-0583.wav,2.04375,0.09569674730300903
train,noise/free-sound/noise-free-sound-0584.wav,15.7739375,0.054114747792482376
train,noise/free-sound/noise-free-sound-0585.wav,0.9288125,0.027606800198554993
train,noise/free-sound/noise-free-sound-0586.wav,10.8333125,0.050648726522922516
train,noise/free-sound/noise-free-sound-0587.wav,6.1226875,0.0615115761756897
train,noise/free-sound/noise-free-sound-0588.wav,5.8026875,0.007875349372625351
train,noise/free-sound/noise-free-sound-0589.wav,2.2465,0.07835634797811508
train,noise/free-sound/noise-free-sound-0590.wav,3.78775,0.04725419357419014
train,noise/free-sound/noise-free-sound-0591.wav,12.256875,0.011887668631970882
train,noise/free-sound/noise-free-sound-0592.wav,32.875125,0.044854626059532166
train,noise/free-sound/noise-free-sound-0593.wav,61.649,0.020986465737223625
train,noise/free-sound/noise-free-sound-0594.wav,141.1773125,0.004017080180346966
train,noise/free-sound/noise-free-sound-0595.wav,26.898625,0.06854495406150818
train,noise/free-sound/noise-free-sound-0596.wav,13.33925,0.04375113174319267
train,noise/free-sound/noise-free-sound-0597.wav,6.24325,0.06470189988613129
train,noise/free-sound/noise-free-sound-0598.wav,57.920125,0.06305752694606781
train,noise/free-sound/noise-free-sound-0599.wav,3.84,0.04084300249814987
train,noise/free-sound/noise-free-sound-0600.wav,45.395,0.04135194420814514
train,noise/free-sound/noise-free-sound-0601.wav,4.239875,0.2734590768814087
train,noise/free-sound/noise-free-sound-0602.wav,4.125,0.21610486507415771
train,noise/free-sound/noise-free-sound-0603.wav,7.3740625,0.3005824685096741
train,noise/free-sound/noise-free-sound-0604.wav,7.358125,0.08612485975027084
train,noise/free-sound/noise-free-sound-0605.wav,32.0,0.22763755917549133
train,noise/free-sound/noise-free-sound-0606.wav,88.84,0.01871025189757347
train,noise/free-sound/noise-free-sound-0607.wav,20.0098125,0.0681547224521637
train,noise/free-sound/noise-free-sound-0608.wav,3.5265,0.0683574452996254
train,noise/free-sound/noise-free-sound-0609.wav,10.161625,0.02855943888425827
train,noise/free-sound/noise-free-sound-0610.wav,11.1804375,0.06024652719497681
train,noise/free-sound/noise-free-sound-0611.wav,0.127,0.023479890078306198
train,noise/free-sound/noise-free-sound-0612.wav,11.0498125,0.1207055076956749
train,noise/free-sound/noise-free-sound-0613.wav,28.5518125,0.033192068338394165
train,noise/free-sound/noise-free-sound-0614.wav,30.0,0.01605299487709999
train,noise/free-sound/noise-free-sound-0615.wav,10.082875,0.08860311657190323
train,noise/free-sound/noise-free-sound-0616.wav,22.6481875,0.006513164844363928
train,noise/free-sound/noise-free-sound-0617.wav,8.2026875,0.016903722658753395
train,noise/free-sound/noise-free-sound-0618.wav,3.0205625,0.059680454432964325
train,noise/free-sound/noise-free-sound-0619.wav,0.5454375,0.005135993007570505
train,noise/free-sound/noise-free-sound-0620.wav,11.5664375,0.03831050917506218
train,noise/free-sound/noise-free-sound-0621.wav,6.724375,0.03734799474477768
train,noise/free-sound/noise-free-sound-0622.wav,11.9901875,0.0628824383020401
train,noise/free-sound/noise-free-sound-0623.wav,34.9518125,0.05226227641105652
train,noise/free-sound/noise-free-sound-0624.wav,0.104,0.09036702662706375
train,noise/free-sound/noise-free-sound-0625.wav,20.8195625,0.027273673564195633
train,noise/free-sound/noise-free-sound-0626.wav,1.3235625,0.047352369874715805
train,noise/free-sound/noise-free-sound-0627.wav,0.3135,0.14606566727161407
train,noise/free-sound/noise-free-sound-0628.wav,29.0220625,0.03407597541809082
train,noise/free-sound/noise-free-sound-0629.wav,3.5,0.3172118663787842
train,noise/free-sound/noise-free-sound-0630.wav,3.1085625,0.08142469823360443
train,noise/free-sound/noise-free-sound-0631.wav,5.6,0.09101958572864532
train,noise/free-sound/noise-free-sound-0632.wav,2.568,0.16587309539318085
train,noise/free-sound/noise-free-sound-0633.wav,18.272625,0.03823813423514366
train,noise/free-sound/noise-free-sound-0634.wav,64.0,0.005076223518699408
train,noise/free-sound/noise-free-sound-0635.wav,16.876,0.039830684661865234
train,noise/free-sound/noise-free-sound-0636.wav,31.3991875,0.05804016813635826
train,noise/free-sound/noise-free-sound-0637.wav,14.6841875,0.02190512977540493
train,noise/free-sound/noise-free-sound-0638.wav,5.5926875,0.037356846034526825
train,noise/free-sound/noise-free-sound-0639.wav,6.20375,0.03894766792654991
train,noise/free-sound/noise-free-sound-0640.wav,32.7836875,0.056162264198064804
train,noise/free-sound/noise-free-sound-0641.wav,35.1346875,0.03040275163948536
train,noise/free-sound/noise-free-sound-0642.wav,4.4930625,0.03574768826365471
train,noise/free-sound/noise-free-sound-0643.wav,2.78425,0.04011024534702301
train,noise/free-sound/noise-free-sound-0644.wav,94.5981875,0.011430583894252777
train,noise/free-sound/noise-free-sound-0645.wav,1.7240625,0.022321103140711784
train,noise/free-sound/noise-free-sound-0646.wav,35.813,0.015494233928620815
train,noise/free-sound/noise-free-sound-0647.wav,60.103375,0.027890006080269814
train,noise/free-sound/noise-free-sound-0648.wav,12.288,0.020221997052431107
train,noise/free-sound/noise-free-sound-0649.wav,50.4279375,0.042251117527484894
train,noise/free-sound/noise-free-sound-0650.wav,16.236,0.10205979645252228
train,noise/free-sound/noise-free-sound-0651.wav,65.2095,0.0796578973531723
train,noise/free-sound/noise-free-sound-0652.wav,5.69925,0.014021473005414009
train,noise/free-sound/noise-free-sound-0653.wav,29.125,0.05897703766822815
train,noise/free-sound/noise-free-sound-0654.wav,5.9820625,0.1681751012802124
train,noise/free-sound/noise-free-sound-0655.wav,21.34,0.01833922602236271
train,noise/free-sound/noise-free-sound-0656.wav,4.884875,0.015281392261385918
train,noise/free-sound/noise-free-sound-0657.wav,9.6670625,0.015602482482790947
train,noise/free-sound/noise-free-sound-0658.wav,19.0,0.010228785686194897
train,noise/free-sound/noise-free-sound-0659.wav,11.1241875,0.03744412958621979
train,noise/free-sound/noise-free-sound-0660.wav,41.8373125,0.0351371206343174
train,noise/free-sound/noise-free-sound-0661.wav,35.5150625,0.0055358815006911755
train,noise/free-sound/noise-free-sound-0662.wav,1.410625,0.08759284019470215
train,noise/free-sound/noise-free-sound-0663.wav,29.3544375,0.016564222052693367
train,noise/free-sound/noise-free-sound-0664.wav,15.647375,0.06327983736991882
train,noise/free-sound/noise-free-sound-0665.wav,17.2669375,0.03821848705410957
train,noise/free-sound/noise-free-sound-0666.wav,13.685625,0.028673436492681503
train,noise/free-sound/noise-free-sound-0667.wav,13.7598125,0.02481307089328766
train,noise/free-sound/noise-free-sound-0668.wav,4.022875,0.07184793055057526
train,noise/free-sound/noise-free-sound-0669.wav,4.022875,0.030827142298221588
train,noise/free-sound/noise-free-sound-0670.wav,4.7600625,0.023740291595458984
train,noise/free-sound/noise-free-sound-0671.wav,70.191,0.05368071794509888
train,noise/free-sound/noise-free-sound-0672.wav,6.2955,0.00962742604315281
train,noise/free-sound/noise-free-sound-0673.wav,3.8298125,0.045326001942157745
train,noise/free-sound/noise-free-sound-0674.wav,31.131875,0.040758490562438965
train,noise/free-sound/noise-free-sound-0675.wav,8.7690625,0.017590992152690887
train,noise/free-sound/noise-free-sound-0676.wav,2.1630625,0.20533037185668945
train,noise/free-sound/noise-free-sound-0677.wav,107.76,0.03978710621595383
train,noise/free-sound/noise-free-sound-0678.wav,2.0636875,0.06593439728021622
train,noise/free-sound/noise-free-sound-0679.wav,22.0,0.05452584847807884
train,noise/free-sound/noise-free-sound-0680.wav,14.568,0.07073165476322174
train,noise/free-sound/noise-free-sound-0681.wav,96.7053125,0.03480824455618858
train,noise/free-sound/noise-free-sound-0682.wav,18.18125,0.026480460539460182
train,noise/free-sound/noise-free-sound-0683.wav,27.616,0.03949678689241409
train,noise/free-sound/noise-free-sound-0684.wav,139.00625,0.03529800847172737
train,noise/free-sound/noise-free-sound-0685.wav,43.8785625,0.027088863775134087
train,noise/free-sound/noise-free-sound-0686.wav,15.6038125,0.019841305911540985
train,noise/free-sound/noise-free-sound-0687.wav,20.8020625,0.01232278160750866
train,noise/free-sound/noise-free-sound-0688.wav,19.25225,0.06801490485668182
train,noise/free-sound/noise-free-sound-0689.wav,1.05,0.05468634516000748
train,noise/free-sound/noise-free-sound-0690.wav,5.2053125,0.036664824932813644
train,noise/free-sound/noise-free-sound-0691.wav,10.0693125,0.009726029820740223
train,noise/free-sound/noise-free-sound-0692.wav,0.927875,0.1667458862066269
train,noise/free-sound/noise-free-sound-0693.wav,1.410625,0.13827519118785858
train,noise/free-sound/noise-free-sound-0694.wav,19.8465,0.0698181539773941
train,noise/free-sound/noise-free-sound-0695.wav,9.4238125,0.14697526395320892
train,noise/free-sound/noise-free-sound-0696.wav,29.570625,0.016864970326423645
train,noise/free-sound/noise-free-sound-0697.wav,6.112625,0.015389485284686089
train,noise/free-sound/noise-free-sound-0698.wav,76.168875,0.040011338889598846
train,noise/free-sound/noise-free-sound-0699.wav,119.5101875,0.01451085601001978
train,noise/free-sound/noise-free-sound-0700.wav,41.04,0.027945347130298615
train,noise/free-sound/noise-free-sound-0701.wav,6.057625,0.11962121725082397
train,noise/free-sound/noise-free-sound-0702.wav,21.81225,0.01318186242133379
train,noise/free-sound/noise-free-sound-0703.wav,8.1930625,0.03435487672686577
train,noise/free-sound/noise-free-sound-0704.wav,20.16,0.07279205322265625
train,noise/free-sound/noise-free-sound-0705.wav,11.3306875,0.16383984684944153
train,noise/free-sound/noise-free-sound-0706.wav,28.290625,0.011244518682360649
train,noise/free-sound/noise-free-sound-0707.wav,40.0718125,0.06048770621418953
train,noise/free-sound/noise-free-sound-0708.wav,63.0595625,0.028981540352106094
train,noise/free-sound/noise-free-sound-0709.wav,31.85775,0.032681904733181
train,noise/free-sound/noise-free-sound-0710.wav,45.7404375,0.06862396746873856
train,noise/free-sound/noise-free-sound-0711.wav,0.3926875,0.031020980328321457
train,noise/free-sound/noise-free-sound-0712.wav,2.847375,0.09257514029741287
train,noise/free-sound/noise-free-sound-0713.wav,1.6979375,0.08049245923757553
train,noise/free-sound/noise-free-sound-0714.wav,1.12325,0.03631926700472832
train,noise/free-sound/noise-free-sound-0715.wav,60.0555,0.06517808884382248
train,noise/free-sound/noise-free-sound-0716.wav,0.624,0.03566426411271095
train,noise/free-sound/noise-free-sound-0717.wav,5.9820625,0.016297001391649246
train,noise/free-sound/noise-free-sound-0718.wav,13.035125,0.08569561690092087
train,noise/free-sound/noise-free-sound-0719.wav,7.0008125,0.012838777154684067
train,noise/free-sound/noise-free-sound-0720.wav,10.7363125,0.0775250568985939
train,noise/free-sound/noise-free-sound-0721.wav,9.03,0.09511198103427887
train,noise/free-sound/noise-free-sound-0722.wav,7.77,0.0734415054321289
train,noise/free-sound/noise-free-sound-0723.wav,89.721875,0.019564535468816757
train,noise/free-sound/noise-free-sound-0724.wav,0.9109375,0.12772886455059052
train,noise/free-sound/noise-free-sound-0725.wav,33.2295625,0.05877486243844032
train,noise/free-sound/noise-free-sound-0726.wav,120.0138125,0.010473191738128662
train,noise/free-sound/noise-free-sound-0727.wav,29.022,0.023159675300121307
train,noise/free-sound/noise-free-sound-0728.wav,123.84,0.025120077654719353
train,noise/free-sound/noise-free-sound-0729.wav,187.14125,0.031593095511198044
train,noise/free-sound/noise-free-sound-0730.wav,1.489,0.07127058506011963
train,noise/free-sound/noise-free-sound-0731.wav,1.43675,0.07526694238185883
train,noise/free-sound/noise-free-sound-0732.wav,31.73875,0.026971112936735153
train,noise/free-sound/noise-free-sound-0733.wav,31.94775,0.026688866317272186
train,noise/free-sound/noise-free-sound-0734.wav,21.1591875,0.01646844856441021
train,noise/free-sound/noise-free-sound-0735.wav,21.81225,0.0156633909791708
train,noise/free-sound/noise-free-sound-0736.wav,0.9194375,0.12268686294555664
train,noise/free-sound/noise-free-sound-0737.wav,4.8469375,0.07719245553016663
train,noise/free-sound/noise-free-sound-0738.wav,27.89875,0.09538252651691437
train,noise/free-sound/noise-free-sound-0739.wav,19.224,0.04355339705944061
train,noise/free-sound/noise-free-sound-0740.wav,64.0714375,0.14594630897045135
train,noise/free-sound/noise-free-sound-0741.wav,18.696,0.07057242840528488
train,noise/free-sound/noise-free-sound-0742.wav,22.5436875,0.03319770097732544
train,noise/free-sound/noise-free-sound-0743.wav,43.9640625,0.059158992022275925
train,noise/free-sound/noise-free-sound-0744.wav,1.044875,0.11951413005590439
train,noise/free-sound/noise-free-sound-0745.wav,4.7333125,0.057827286422252655
train,noise/free-sound/noise-free-sound-0746.wav,0.227,0.011438189074397087
train,noise/free-sound/noise-free-sound-0747.wav,17.4236875,0.023010853677988052
train,noise/free-sound/noise-free-sound-0748.wav,5.64,0.0689081996679306
train,noise/free-sound/noise-free-sound-0749.wav,1.0,0.06701701134443283
train,noise/free-sound/noise-free-sound-0750.wav,5.4595625,0.028374891728162766
train,noise/free-sound/noise-free-sound-0751.wav,1.446375,0.2519388496875763
train,noise/free-sound/noise-free-sound-0752.wav,33.6083125,0.030209451913833618
train,noise/free-sound/noise-free-sound-0753.wav,24.696,0.12444719672203064
train,noise/free-sound/noise-free-sound-0754.wav,80.72325,0.04299146309494972
train,noise/free-sound/noise-free-sound-0755.wav,14.4195625,0.04165901988744736
train,noise/free-sound/noise-free-sound-0756.wav,4.15875,0.030746938660740852
train,noise/free-sound/noise-free-sound-0757.wav,13.7665,0.10464916378259659
train,noise/free-sound/noise-free-sound-0758.wav,12.644375,0.05036643147468567
train,noise/free-sound/noise-free-sound-0759.wav,2.731375,0.06787645071744919
train,noise/free-sound/noise-free-sound-0760.wav,0.6233125,0.09675282984972
train,noise/free-sound/noise-free-sound-0761.wav,32.3990625,0.03686794266104698
train,noise/free-sound/noise-free-sound-0762.wav,12.8,0.20819808542728424
train,noise/free-sound/noise-free-sound-0763.wav,20.491625,0.10151830315589905
train,noise/free-sound/noise-free-sound-0764.wav,0.0645625,0.0005920132389292121
train,noise/free-sound/noise-free-sound-0765.wav,0.20275,0.0034669337328523397
train,noise/free-sound/noise-free-sound-0766.wav,0.026125,0.0
train,noise/free-sound/noise-free-sound-0767.wav,29.6385625,0.05864330753684044
train,noise/free-sound/noise-free-sound-0768.wav,0.4229375,0.06983917951583862
train,noise/free-sound/noise-free-sound-0769.wav,25.761625,0.05337362736463547
train,noise/free-sound/noise-free-sound-0770.wav,55.5624375,0.02889862284064293
train,noise/free-sound/noise-free-sound-0771.wav,3.1579375,0.1223643571138382
train,noise/free-sound/noise-free-sound-0772.wav,4.6535625,0.02311071753501892
train,noise/free-sound/noise-free-sound-0773.wav,9.045375,0.034549664705991745
train,noise/free-sound/noise-free-sound-0774.wav,3.1471875,0.19626016914844513
train,noise/free-sound/noise-free-sound-0775.wav,29.5101875,0.038521576672792435
train,noise/free-sound/noise-free-sound-0776.wav,15.661875,0.06775304675102234
train,noise/free-sound/noise-free-sound-0777.wav,6.9224375,0.09624522179365158
train,noise/free-sound/noise-free-sound-0778.wav,18.2613125,0.025550562888383865
train,noise/free-sound/noise-free-sound-0779.wav,12.512625,0.044095106422901154
train,noise/free-sound/noise-free-sound-0780.wav,30.2759375,0.046052154153585434
train,noise/free-sound/noise-free-sound-0781.wav,60.7200625,0.0475756973028183
train,noise/free-sound/noise-free-sound-0782.wav,9.8986875,0.030712144449353218
train,noise/free-sound/noise-free-sound-0783.wav,8.614625,0.14119373261928558
train,noise/free-sound/noise-free-sound-0784.wav,35.8040625,0.008375727571547031
train,noise/free-sound/noise-free-sound-0785.wav,26.919875,0.00985590647906065
train,noise/free-sound/noise-free-sound-0786.wav,19.8,0.09170135855674744
train,noise/free-sound/noise-free-sound-0787.wav,34.9853125,0.05825154483318329
train,noise/free-sound/noise-free-sound-0788.wav,34.8718125,0.0597430057823658
train,noise/free-sound/noise-free-sound-0789.wav,8.8515,0.17519313097000122
train,noise/free-sound/noise-free-sound-0790.wav,16.138125,0.03609300032258034
train,noise/free-sound/noise-free-sound-0791.wav,9.0,0.021120132878422737
train,noise/free-sound/noise-free-sound-0792.wav,41.5869375,0.05190187692642212
train,noise/free-sound/noise-free-sound-0793.wav,9.4301875,0.0664939358830452
train,noise/free-sound/noise-free-sound-0794.wav,4.434125,0.046769555658102036
train,noise/free-sound/noise-free-sound-0795.wav,45.814125,0.031657714396715164
train,noise/free-sound/noise-free-sound-0796.wav,10.24,0.09117131680250168
train,noise/free-sound/noise-free-sound-0797.wav,16.384,0.1648857593536377
train,noise/free-sound/noise-free-sound-0798.wav,12.9706875,0.18368032574653625
train,noise/free-sound/noise-free-sound-0799.wav,5.6319375,0.03792005777359009
train,noise/free-sound/noise-free-sound-0800.wav,9.6,0.018907127901911736
train,noise/free-sound/noise-free-sound-0801.wav,6.01075,0.0029609836637973785
train,noise/free-sound/noise-free-sound-0802.wav,5.1245,0.0005925616133026779
train,noise/free-sound/noise-free-sound-0803.wav,14.02775,0.09098536521196365
train,noise/free-sound/noise-free-sound-0804.wav,59.6985,0.006640758831053972
train,noise/free-sound/noise-free-sound-0805.wav,15.16,0.05793767049908638
train,noise/free-sound/noise-free-sound-0806.wav,11.78125,0.028702983632683754
train,noise/free-sound/noise-free-sound-0807.wav,4.10125,0.03980659693479538
train,noise/free-sound/noise-free-sound-0808.wav,1.6979375,0.1011076346039772
train,noise/free-sound/noise-free-sound-0809.wav,25.1298125,0.09053251892328262
train,noise/free-sound/noise-free-sound-0810.wav,4.008375,0.26876741647720337
train,noise/free-sound/noise-free-sound-0811.wav,7.9760625,0.28619760274887085
train,noise/free-sound/noise-free-sound-0812.wav,12.198,0.06944070011377335
train,noise/free-sound/noise-free-sound-0813.wav,78.8018125,0.18343234062194824
train,noise/free-sound/noise-free-sound-0814.wav,15.661625,0.09769771993160248
train,noise/free-sound/noise-free-sound-0815.wav,2.4718125,0.12637928128242493
train,noise/free-sound/noise-free-sound-0816.wav,1.324625,0.08751863986253738
train,noise/free-sound/noise-free-sound-0817.wav,1.6123125,0.10826314985752106
train,noise/free-sound/noise-free-sound-0818.wav,57.678375,0.015582166612148285
train,noise/free-sound/noise-free-sound-0819.wav,109.9043125,0.013354653492569923
train,noise/free-sound/noise-free-sound-0820.wav,18.450875,0.02505454793572426
train,noise/free-sound/noise-free-sound-0821.wav,3.3436875,0.06855987757444382
train,noise/free-sound/noise-free-sound-0822.wav,4.989375,0.1806216686964035
train,noise/free-sound/noise-free-sound-0823.wav,2.749125,0.05665133148431778
train,noise/free-sound/noise-free-sound-0824.wav,33.12325,0.04190948233008385
train,noise/free-sound/noise-free-sound-0825.wav,2.6735625,0.07563027739524841
train,noise/free-sound/noise-free-sound-0826.wav,11.18175,0.07534576207399368
train,noise/free-sound/noise-free-sound-0827.wav,0.548,0.05151750519871712
train,noise/free-sound/noise-free-sound-0828.wav,60.081625,0.011978531256318092
train,noise/free-sound/noise-free-sound-0829.wav,6.7504375,0.06023939326405525
train,noise/free-sound/noise-free-sound-0830.wav,0.9581875,0.06875304877758026
train,noise/free-sound/noise-free-sound-0831.wav,11.441625,0.03155514597892761
train,noise/free-sound/noise-free-sound-0832.wav,14.9420625,0.027190793305635452
train,noise/free-sound/noise-free-sound-0833.wav,4.97375,0.07724756002426147
train,noise/free-sound/noise-free-sound-0834.wav,17.0666875,0.0489436499774456
train,noise/free-sound/noise-free-sound-0835.wav,5.0515625,0.13070523738861084
train,noise/free-sound/noise-free-sound-0836.wav,64.896,0.019817186519503593
train,noise/free-sound/noise-free-sound-0837.wav,13.6533125,0.010230294428765774
train,noise/free-sound/noise-free-sound-0838.wav,1.0029375,0.0714196264743805
train,noise/free-sound/noise-free-sound-0839.wav,2.1420625,0.1818079650402069
train,noise/free-sound/noise-free-sound-0840.wav,70.191,0.05368071049451828
train,noise/free-sound/noise-free-sound-0841.wav,90.0,0.015552169643342495
train,noise/free-sound/noise-free-sound-0842.wav,300.0,0.0035129054449498653
test,noise/sound-bible/noise-sound-bible-0000.wav,6.7499375,0.1441386342048645
test,noise/sound-bible/noise-sound-bible-0001.wav,2.063,0.25420311093330383
test,noise/sound-bible/noise-sound-bible-0002.wav,1.044,0.019799862056970596
test,noise/sound-bible/noise-sound-bible-0003.wav,6.55675,0.06503631919622421
test,noise/sound-bible/noise-sound-bible-0004.wav,11.049,0.05913013219833374
test,noise/sound-bible/noise-sound-bible-0005.wav,12.408,0.042438969016075134
test,noise/sound-bible/noise-sound-bible-0006.wav,0.768,0.04820356145501137
test,noise/sound-bible/noise-sound-bible-0007.wav,21.06,0.1836613565683365
test,noise/sound-bible/noise-sound-bible-0008.wav,9.247,0.19213145971298218
test,noise/sound-bible/noise-sound-bible-0009.wav,2.115,0.0920131504535675
test,noise/sound-bible/noise-sound-bible-0010.wav,7.497,0.020488228648900986
test,noise/sound-bible/noise-sound-bible-0011.wav,5.093,0.06959190219640732
test,noise/sound-bible/noise-sound-bible-0012.wav,3.134,0.14128883183002472
test,noise/sound-bible/noise-sound-bible-0013.wav,5.12,0.08152676373720169
test,noise/sound-bible/noise-sound-bible-0014.wav,27.506,0.05008871480822563
test,noise/sound-bible/noise-sound-bible-0015.wav,22.23,0.05889064073562622
test,noise/sound-bible/noise-sound-bible-0016.wav,7.026,0.040081411600112915
test,noise/sound-bible/noise-sound-bible-0017.wav,3.2391875,0.0472022108733654
test,noise/sound-bible/noise-sound-bible-0018.wav,3.683,0.07156568765640259
test,noise/sound-bible/noise-sound-bible-0019.wav,6.922,0.0659433975815773
test,noise/sound-bible/noise-sound-bible-0020.wav,4.336,0.08530513942241669
test,noise/sound-bible/noise-sound-bible-0021.wav,12.721,0.03518088907003403
test,noise/sound-bible/noise-sound-bible-0022.wav,4.153,0.11733922362327576
test,noise/sound-bible/noise-sound-bible-0023.wav,2.56,0.036052703857421875
test,noise/sound-bible/noise-sound-bible-0024.wav,2.455,0.07451076060533524
test,noise/sound-bible/noise-sound-bible-0025.wav,5.537,0.1307377815246582
test,noise/sound-bible/noise-sound-bible-0026.wav,0.653,0.16861580312252045
test,noise/sound-bible/noise-sound-bible-0027.wav,3.004,0.09237220138311386
test,noise/sound-bible/noise-sound-bible-0028.wav,12.617,0.09574437886476517
test,noise/sound-bible/noise-sound-bible-0029.wav,3.0040625,0.013525698333978653
test,noise/sound-bible/noise-sound-bible-0030.wav,14.889,0.03332362323999405
test,noise/sound-bible/noise-sound-bible-0031.wav,9.769,0.035738807171583176
test,noise/sound-bible/noise-sound-bible-0032.wav,25.152,0.010232904925942421
test,noise/sound-bible/noise-sound-bible-0033.wav,6.687,0.02844083495438099
test,noise/sound-bible/noise-sound-bible-0034.wav,20.21875,0.1358114778995514
test,noise/sound-bible/noise-sound-bible-0035.wav,6.5045,0.04590274393558502
test,noise/sound-bible/noise-sound-bible-0036.wav,20.035,0.10746238380670547
test,noise/sound-bible/noise-sound-bible-0037.wav,1.044,0.03590782731771469
test,noise/sound-bible/noise-sound-bible-0038.wav,16.248,0.1472569853067398
test,noise/sound-bible/noise-sound-bible-0039.wav,4.048,0.03187888488173485
test,noise/sound-bible/noise-sound-bible-0040.wav,9.142,0.026945974677801132
test,noise/sound-bible/noise-sound-bible-0041.wav,2.638,0.05780833214521408
test,noise/sound-bible/noise-sound-bible-0042.wav,6.269,0.14264912903308868
test,noise/sound-bible/noise-sound-bible-0043.wav,23.928,0.050584856420755386
test,noise/sound-bible/noise-sound-bible-0044.wav,30.0408125,0.002178351627662778
test,noise/sound-bible/noise-sound-bible-0045.wav,61.413875,0.08873486518859863
test,noise/sound-bible/noise-sound-bible-0046.wav,0.8098125,0.15509864687919617
test,noise/sound-bible/noise-sound-bible-0047.wav,6.164,0.09232277423143387
test,noise/sound-bible/noise-sound-bible-0048.wav,62.641625,0.011549966409802437
test,noise/sound-bible/noise-sound-bible-0049.wav,49.3453125,0.07298757880926132
test,noise/sound-bible/noise-sound-bible-0050.wav,1.056,0.042787592858076096
test,noise/sound-bible/noise-sound-bible-0051.wav,2.063,0.01880437508225441
test,noise/sound-bible/noise-sound-bible-0052.wav,6.765,0.2076394259929657
test,noise/sound-bible/noise-sound-bible-0053.wav,12.878,0.05402258038520813
test,noise/sound-bible/noise-sound-bible-0054.wav,37.172,0.31475576758384705
test,noise/sound-bible/noise-sound-bible-0055.wav,18.102,0.07953961193561554
test,noise/sound-bible/noise-sound-bible-0056.wav,7.888,0.274869441986084
test,noise/sound-bible/noise-sound-bible-0057.wav,4.1795625,0.0715896338224411
test,noise/sound-bible/noise-sound-bible-0058.wav,1.332,0.018020672723650932
test,noise/sound-bible/noise-sound-bible-0059.wav,49.528,0.051448073238134384
test,noise/sound-bible/noise-sound-bible-0060.wav,45.139,0.03268921747803688
test,noise/sound-bible/noise-sound-bible-0061.wav,19.464,0.00734285730868578
test,noise/sound-bible/noise-sound-bible-0062.wav,15.908,0.06429439783096313
test,noise/sound-bible/noise-sound-bible-0063.wav,14.3935,0.03714064508676529
test,noise/sound-bible/noise-sound-bible-0064.wav,2.847,0.10039804875850677
test,noise/sound-bible/noise-sound-bible-0065.wav,7.235,0.10588019341230392
test,noise/sound-bible/noise-sound-bible-0066.wav,2.716,0.05088731274008751
test,noise/sound-bible/noise-sound-bible-0067.wav,27.7420625,0.08898525685071945
test,noise/sound-bible/noise-sound-bible-0068.wav,5.784,0.03145468607544899
test,noise/sound-bible/noise-sound-bible-0069.wav,1.175,0.10087023675441742
test,noise/sound-bible/noise-sound-bible-0070.wav,2.063,0.21097871661186218
test,noise/sound-bible/noise-sound-bible-0071.wav,4.049,0.08047668635845184
test,noise/sound-bible/noise-sound-bible-0072.wav,4.832,0.06273679435253143
test,noise/sound-bible/noise-sound-bible-0073.wav,7.896,0.08007873594760895
test,noise/sound-bible/noise-sound-bible-0074.wav,2.063,0.018543394282460213
test,noise/sound-bible/noise-sound-bible-0075.wav,32.679,0.06352479755878448
test,noise/sound-bible/noise-sound-bible-0076.wav,57.704,0.09347757697105408
test,noise/sound-bible/noise-sound-bible-0077.wav,5.146,0.19708338379859924
test,noise/sound-bible/noise-sound-bible-0078.wav,23.4056875,0.09098900854587555
test,noise/sound-bible/noise-sound-bible-0079.wav,21.394,0.08347520977258682
test,noise/sound-bible/noise-sound-bible-0080.wav,4.702,0.08633428066968918
test,noise/sound-bible/noise-sound-bible-0081.wav,16.848,0.07527593523263931
test,noise/sound-bible/noise-sound-bible-0082.wav,3.604,0.06656266748905182
test,noise/sound-bible/noise-sound-bible-0083.wav,58.61875,0.10153720527887344
test,noise/sound-bible/noise-sound-bible-0084.wav,8.045,0.0457281619310379
test,noise/sound-bible/noise-sound-bible-0085.wav,2.063,0.12232034653425217
test,noise/sound-bible/noise-sound-bible-0086.wav,0.552,0.0682542473077774
